{"cameraMode":{"drawMode":0,"name":"Shaded","section":"Shading Mode"},"sceneLighting":true,"audioPlay":false,"sceneViewState":{"m_AlwaysRefresh":false,"showFog":true,"showSkybox":true,"showFlares":true,"showImageEffects":true,"showParticleSystems":true,"showVisualEffectGraphs":true,"m_FxEnabled":true},"in2DMode":false,"pivot":{"x":0.19082878530025483,"y":-14.031760215759278,"z":8.690333366394043},"rotation":{"x":-0.489668607711792,"y":0.01620728150010109,"z":-0.009117389097809792,"w":-0.8717061281204224},"size":13.022601127624512,"orthographic":false}