{"cameraMode":{"drawMode":0,"name":"Shaded","section":"Shading Mode"},"sceneLighting":false,"audioPlay":false,"sceneViewState":{"m_AlwaysRefresh":false,"showFog":true,"showSkybox":false,"showFlares":true,"showImageEffects":true,"showParticleSystems":true,"showVisualEffectGraphs":true,"m_FxEnabled":true},"in2DMode":false,"pivot":{"x":0.01601300947368145,"y":0.7339506149291992,"z":0.8157569766044617},"rotation":{"x":-0.04757886007428169,"y":-0.9400572776794434,"z":0.3035311996936798,"w":-0.14758746325969697},"size":3.4035327434539797,"orthographic":false}